10000,poly_A
10001,poly_A
10002,poly_A
10003,poly_A
10004,poly_A
10005,poly_A
10006,poly_A
10007,poly_A
10008,poly_A
10009,poly_A
10010,poly_A
10011,poly_A
10012,poly_A
10013,poly_A
10014,poly_A
10015,poly_A
10016,poly_A
10017,poly_A
10018,poly_A
10019,poly_A
10020,poly_A
10021,poly_A
10022,poly_A
10023,poly_A
10024,poly_A
10025,poly_A
10026,poly_A
10027,poly_A
10028,poly_A
10029,poly_A
10030,poly_A
10031,poly_A
10032,poly_A
10033,poly_A
10034,poly_A
10035,poly_A
10036,poly_A
10037,poly_A
10038,poly_A
10039,poly_A
10040,poly_A
10041,poly_A
10042,poly_A
10043,poly_A
10044,poly_A
10045,poly_A
10046,poly_A
10047,poly_A
10048,poly_A
10049,poly_A
10050,poly_A
10051,poly_A
10052,poly_A
10053,poly_A
10054,poly_A
10055,poly_A
10056,poly_A
10057,poly_A
10058,poly_A
10059,poly_A
10060,poly_A
10061,poly_A
10062,poly_A
10063,poly_A
10064,poly_A
10065,poly_A
10066,poly_A
10067,poly_A
10068,poly_A
10069,poly_A
10070,poly_A
10071,poly_A
10072,poly_A
10073,poly_A
10074,poly_A
10075,poly_A
10076,poly_A
10077,poly_A
10078,poly_A
10079,poly_A
10080,poly_A
10081,poly_A
10082,poly_A
10083,poly_A
10084,poly_A
10085,poly_A
10086,poly_A
10087,poly_A
10088,poly_A
10089,poly_A
10090,poly_A
10091,poly_A
10092,poly_A
10093,poly_A
10094,poly_A
10095,poly_A
10096,poly_A
10097,poly_A
10098,poly_A
10099,poly_A
10100,poly_A
10101,poly_A
10102,poly_A
10103,poly_A
10104,poly_A
10105,poly_A
10106,poly_A
10107,poly_A
10108,poly_A
10109,poly_A
10110,poly_A
10111,poly_A
10112,poly_A
10113,poly_A
10114,poly_A
10115,poly_A
10116,poly_A
10117,poly_A
10118,poly_A
10119,poly_A
10120,poly_A
10121,poly_A
10122,poly_A
10123,poly_A
10124,poly_A
10125,poly_A
10126,poly_A
10127,poly_A
10128,poly_A
10129,poly_A
10130,poly_A
10131,poly_A
10132,poly_A
10133,poly_A
10134,poly_A
10135,poly_A
10136,poly_A
10137,poly_A
10138,poly_A
10139,poly_A
10140,poly_A
10141,poly_A
10142,poly_A
10143,poly_A
10144,poly_A
10145,poly_A
10146,poly_A
10147,poly_A
10148,poly_A
10149,poly_A
10150,poly_A
10151,poly_A
10152,poly_A
10153,poly_A
10154,poly_A
10155,poly_A
10156,poly_A
10157,poly_A
10158,poly_A
10159,poly_A
10160,poly_A
10161,poly_A
10162,poly_A
10163,poly_A
10164,poly_A
10165,poly_A
10166,poly_A
10167,poly_A
10168,poly_A
10169,poly_A
10170,poly_A
10171,poly_A
10172,poly_A
10173,poly_A
10174,poly_A
10175,poly_A
10176,poly_A
10177,poly_A
10178,poly_A
10179,poly_A
10180,poly_A
10181,poly_A
10182,poly_A
10183,poly_A
10184,poly_A
10185,poly_A
10186,poly_A
10187,poly_A
10188,poly_A
10189,poly_A
10190,poly_A
10191,poly_A
10192,poly_A
10193,poly_A
10194,poly_A
10195,poly_A
10196,poly_A
10197,poly_A
10198,poly_A
10199,poly_A
10200,poly_A
10201,poly_A
10202,poly_A
10203,poly_A
10204,poly_A
10205,poly_A
10206,poly_A
10207,poly_A
10208,poly_A
10209,poly_A
10210,poly_A
10211,poly_A
10212,poly_A
10213,poly_A
10214,poly_A
10215,poly_A
10216,poly_A
10217,poly_A
10218,poly_A
10219,poly_A
10220,poly_A
10221,poly_A
10222,poly_A
10223,poly_A
10224,poly_A
10225,poly_A
10226,poly_A
10227,poly_A
10228,poly_A
10229,poly_A
10230,poly_A
10231,poly_A
10232,poly_A
10233,poly_A
10234,poly_A
10235,poly_A
10236,poly_A
10237,poly_A
10238,poly_A
10239,poly_A
10240,poly_A
10241,poly_A
10242,poly_A
10243,poly_A
10244,poly_A
10245,poly_A
10246,poly_A
10247,poly_A
10248,poly_A
10249,poly_A
10250,poly_A
10251,poly_A
10252,poly_A
10253,poly_A
10254,poly_A
10255,poly_A
10256,poly_A
10257,poly_A
10258,poly_A
10259,poly_A
10260,poly_A
10261,poly_A
10262,poly_A
10263,poly_A
10264,poly_A
10265,poly_A
10266,poly_A
10267,poly_A
10268,poly_A
10269,poly_A
10270,poly_A
10271,poly_A
10272,poly_A
10273,poly_A
10274,poly_A
10275,poly_A
10276,poly_A
10277,poly_A
10278,poly_A
10279,poly_A
10280,poly_A
10281,poly_A
10282,poly_A
10283,poly_A
10284,poly_A
10285,poly_A
10286,poly_A
10287,poly_A
10288,poly_A
10289,poly_A
10290,poly_A
10291,poly_A
10292,poly_A
10293,poly_A
10294,poly_A
10295,poly_A
10296,poly_A
10297,poly_A
10298,poly_A
10299,poly_A
10300,poly_A
10301,poly_A
10302,poly_A
10303,poly_A
10304,poly_A
10305,poly_A
10306,poly_A
10307,poly_A
10308,poly_A
10309,poly_A
10310,poly_A
10311,poly_A
10312,poly_A
10313,poly_A
10314,poly_A
10315,poly_A
10316,poly_A
10317,poly_A
10318,poly_A
10319,poly_A
10320,poly_A
10321,poly_A
10322,poly_A
10323,poly_A
10324,poly_A
10325,poly_A
10326,poly_A
10327,poly_A
10328,poly_A
10329,poly_A
10330,poly_A
10331,poly_A
10332,poly_A
10333,poly_A
10334,poly_A
10335,poly_A
10336,poly_A
10337,poly_A
10338,poly_A
10339,poly_A
10340,poly_A
10341,poly_A
10342,poly_A
10343,poly_A
10344,poly_A
10345,poly_A
10346,poly_A
10347,poly_A
10348,poly_A
10349,poly_A
10350,poly_A
10351,poly_A
10352,poly_A
10353,poly_A
10354,poly_A
10355,poly_A
10356,poly_A
10357,poly_A
10358,poly_A
10359,poly_A
10360,poly_A
10361,poly_A
10362,poly_A
10363,poly_A
10364,poly_A
10365,poly_A
10366,poly_A
10367,poly_A
10368,poly_A
10369,poly_A
10370,poly_A
10371,poly_A
10372,poly_A
10373,poly_A
10374,poly_A
10375,poly_A
10376,poly_A
10377,poly_A
10378,poly_A
10379,poly_A
10380,poly_A
10381,poly_A
10382,poly_A
10383,poly_A
10384,poly_A
10385,poly_A
10386,poly_A
10387,poly_A
10388,poly_A
10389,poly_A
10390,poly_A
10391,poly_A
10392,poly_A
10393,poly_A
10394,poly_A
10395,poly_A
10396,poly_A
10397,poly_A
10398,poly_A
10399,poly_A
10400,poly_A
10401,poly_A
10402,poly_A
10403,poly_A
10404,poly_A
10405,poly_A
10406,poly_A
10407,poly_A
10408,poly_A
10409,poly_A
10410,poly_A
10411,poly_A
10412,poly_A
10413,poly_A
10414,poly_A
10415,poly_A
10416,poly_A
10417,poly_A
10418,poly_A
10419,poly_A
10420,poly_A
10421,poly_A
10422,poly_A
10423,poly_A
10424,poly_A
10425,poly_A
10426,poly_A
10427,poly_A
10428,poly_A
10429,poly_A
10430,poly_A
10431,poly_A
10432,poly_A
10433,poly_A
10434,poly_A
10435,poly_A
10436,poly_A
10437,poly_A
10438,poly_A
10439,poly_A
10440,poly_A
10441,poly_A
10442,poly_A
10443,poly_A
10444,poly_A
10445,poly_A
10446,poly_A
10447,poly_A
10448,poly_A
10449,poly_A
10450,poly_A
10451,poly_A
10452,poly_A
10453,poly_A
10454,poly_A
10455,poly_A
10456,poly_A
10457,poly_A
10458,poly_A
10459,poly_A
10460,poly_A
10461,poly_A
10462,poly_A
10463,poly_A
10464,poly_A
10465,poly_A
10466,poly_A
10467,poly_A
10468,poly_A
10469,poly_A
10470,poly_A
10471,poly_A
10472,poly_A
10473,poly_A
10474,poly_A
10475,poly_A
10476,poly_A
10477,poly_A
10478,poly_A
10479,poly_A
10480,poly_A
10481,poly_A
10482,poly_A
10483,poly_A
10484,poly_A
10485,poly_A
10486,poly_A
10487,poly_A
10488,poly_A
10489,poly_A
10490,poly_A
10491,poly_A
10492,poly_A
10493,poly_A
10494,poly_A
10495,poly_A
10496,poly_A
10497,poly_A
10498,poly_A
10499,poly_A
10500,poly_A
10501,poly_A
10502,poly_A
10503,poly_A
10504,poly_A
10505,poly_A
10506,poly_A
10507,poly_A
10508,poly_A
10509,poly_A
10510,poly_A
10511,poly_A
10512,poly_A
10513,poly_A
10514,poly_A
10515,poly_A
10516,poly_A
10517,poly_A
10518,poly_A
10519,poly_A
10520,poly_A
10521,poly_A
10522,poly_A
10523,poly_A
10524,poly_A
10525,poly_A
10526,poly_A
10527,poly_A
10528,poly_A
10529,poly_A
10530,poly_A
10531,poly_A
10532,poly_A
10533,poly_A
10534,poly_A
10535,poly_A
10536,poly_A
10537,poly_A
10538,poly_A
10539,poly_A
10540,poly_A
10541,poly_A
10542,poly_A
10543,poly_A
10544,poly_A
10545,poly_A
10546,poly_A
10547,poly_A
10548,poly_A
10549,poly_A
10550,poly_A
10551,poly_A
10552,poly_A
10553,poly_A
10554,poly_A
10555,poly_A
10556,poly_A
10557,poly_A
10558,poly_A
10559,poly_A
10560,poly_A
10561,poly_A
10562,poly_A
10563,poly_A
10564,poly_A
10565,poly_A
10566,poly_A
10567,poly_A
10568,poly_A
10569,poly_A
10570,poly_A
10571,poly_A
10572,poly_A
10573,poly_A
10574,poly_A
10575,poly_A
10576,poly_A
10577,poly_A
10578,poly_A
10579,poly_A
10580,poly_A
10581,poly_A
10582,poly_A
10583,poly_A
10584,poly_A
10585,poly_A
10586,poly_A
10587,poly_A
10588,poly_A
10589,poly_A
10590,poly_A
10591,poly_A
10592,poly_A
10593,poly_A
10594,poly_A
10595,poly_A
10596,poly_A
10597,poly_A
10598,poly_A
10599,poly_A
10600,poly_A
10601,poly_A
10602,poly_A
10603,poly_A
10604,poly_A
10605,poly_A
10606,poly_A
10607,poly_A
10608,poly_A
10609,poly_A
10610,poly_A
10611,poly_A
10612,poly_A
10613,poly_A
10614,poly_A
10615,poly_A
10616,poly_A
10617,poly_A
10618,poly_A
10619,poly_A
10620,poly_A
10621,poly_A
10622,poly_A
10623,poly_A
10624,poly_A
10625,poly_A
10626,poly_A
10627,poly_A
10628,poly_A
10629,poly_A
10630,poly_A
10631,poly_A
10632,poly_A
10633,poly_A
10634,poly_A
10635,poly_A
10636,poly_A
10637,poly_A
10638,poly_A
10639,poly_A
10640,poly_B
10641,poly_B
10642,poly_B
10643,poly_B
10644,poly_B
10645,poly_B
10646,poly_B
10647,poly_B
10648,poly_B
10649,poly_B
10650,poly_B
10651,poly_B
10652,poly_B
10653,poly_B
10654,poly_B
10655,poly_B
10656,poly_B
10657,poly_B
10658,poly_B
10659,poly_B
10660,poly_B
10661,poly_B
10662,poly_B
10663,poly_B
10664,poly_B
10665,poly_B
10666,poly_B
10667,poly_B
10668,poly_B
10669,poly_B
10670,poly_B
10671,poly_B
10672,poly_B
10673,poly_B
10674,poly_B
10675,poly_B
10676,poly_B
10677,poly_B
10678,poly_B
10679,poly_B
10680,poly_B
10681,poly_B
10682,poly_B
10683,poly_B
10684,poly_B
10685,poly_B
10686,poly_B
10687,poly_B
10688,poly_B
10689,poly_B
10690,poly_B
10691,poly_B
10692,poly_B
10693,poly_B
10694,poly_B
10695,poly_B
10696,poly_B
10697,poly_B
10698,poly_B
10699,poly_B
10700,poly_B
10701,poly_B
10702,poly_B
10703,poly_B
10704,poly_B
10705,poly_B
10706,poly_B
10707,poly_B
10708,poly_B
10709,poly_B
10710,poly_B
10711,poly_B
10712,poly_B
10713,poly_B
10714,poly_B
10715,poly_B
10716,poly_B
10717,poly_B
10718,poly_B
10719,poly_B
10720,poly_B
10721,poly_B
10722,poly_B
10723,poly_B
10724,poly_B
10725,poly_B
10726,poly_B
10727,poly_B
10728,poly_B
10729,poly_B
10730,poly_B
10731,poly_B
10732,poly_B
10733,poly_B
10734,poly_B
10735,poly_B
10736,poly_B
10737,poly_B
10738,poly_B
10739,poly_B
10740,poly_B
10741,poly_B
10742,poly_B
10743,poly_B
10744,poly_B
10745,poly_B
10746,poly_B
10747,poly_B
10748,poly_B
10749,poly_B
10750,poly_B
10751,poly_B
10752,poly_B
10753,poly_B
10754,poly_B
10755,poly_B
10756,poly_B
10757,poly_B
10758,poly_B
10759,poly_B
10760,poly_B
10761,poly_B
10762,poly_B
10763,poly_B
10764,poly_B
10765,poly_B
10766,poly_B
10767,poly_B
10768,poly_B
10769,poly_B
10770,poly_B
10771,poly_B
10772,poly_B
10773,poly_B
10774,poly_B
10775,poly_B
10776,poly_B
10777,poly_B
10778,poly_B
10779,poly_B
10780,poly_B
10781,poly_B
10782,poly_B
10783,poly_B
10784,poly_B
10785,poly_B
10786,poly_B
10787,poly_B
10788,poly_B
10789,poly_B
10790,poly_B
10791,poly_B
10792,poly_B
10793,poly_B
10794,poly_B
10795,poly_B
10796,poly_B
10797,poly_B
10798,poly_B
10799,poly_B
10800,poly_B
10801,poly_B
10802,poly_B
10803,poly_B
10804,poly_B
10805,poly_B
10806,poly_B
10807,poly_B
10808,poly_B
10809,poly_B
10810,poly_B
10811,poly_B
10812,poly_B
10813,poly_B
10814,poly_B
10815,poly_B
10816,poly_B
10817,poly_B
10818,poly_B
10819,poly_B
10820,poly_B
10821,poly_B
10822,poly_B
10823,poly_B
10824,poly_B
10825,poly_B
10826,poly_B
10827,poly_B
10828,poly_B
10829,poly_B
10830,poly_B
10831,poly_B
10832,poly_B
10833,poly_B
10834,poly_B
10835,poly_B
10836,poly_B
10837,poly_B
10838,poly_B
10839,poly_B
10840,poly_B
10841,poly_B
10842,poly_B
10843,poly_B
10844,poly_B
10845,poly_B
10846,poly_B
10847,poly_B
10848,poly_B
10849,poly_B
10850,poly_B
10851,poly_B
10852,poly_B
10853,poly_B
10854,poly_B
10855,poly_B
10856,poly_B
10857,poly_B
10858,poly_B
10859,poly_B
10860,poly_B
10861,poly_B
10862,poly_B
10863,poly_B
10864,poly_B
10865,poly_B
10866,poly_B
10867,poly_B
10868,poly_B
10869,poly_B
10870,poly_B
10871,poly_B
10872,poly_B
10873,poly_B
10874,poly_B
10875,poly_B
10876,poly_B
10877,poly_B
10878,poly_B
10879,poly_B
10880,poly_B
10881,poly_B
10882,poly_B
10883,poly_B
10884,poly_B
10885,poly_B
10886,poly_B
10887,poly_B
10888,poly_B
10889,poly_B
10890,poly_B
10891,poly_B
10892,poly_B
10893,poly_B
10894,poly_B
10895,poly_B
10896,poly_B
10897,poly_B
10898,poly_B
10899,poly_B
10900,poly_B
10901,poly_B
10902,poly_B
10903,poly_B
10904,poly_B
10905,poly_B
10906,poly_B
10907,poly_B
10908,poly_B
10909,poly_B
10910,poly_B
10911,poly_B
10912,poly_B
10913,poly_B
10914,poly_B
10915,poly_B
10916,poly_B
10917,poly_B
10918,poly_B
10919,poly_B
10920,poly_B
10921,poly_B
10922,poly_B
10923,poly_B
10924,poly_B
10925,poly_B
10926,poly_B
10927,poly_B
10928,poly_B
10929,poly_B
10930,poly_B
10931,poly_B
10932,poly_B
10933,poly_B
10934,poly_B
10935,poly_B
10936,poly_B
10937,poly_B
10938,poly_B
10939,poly_B
10940,poly_B
10941,poly_B
10942,poly_B
10943,poly_B
10944,poly_B
10945,poly_B
10946,poly_B
10947,poly_B
10948,poly_B
10949,poly_B
10950,poly_B
10951,poly_B
10952,poly_B
10953,poly_B
10954,poly_B
10955,poly_B
10956,poly_B
10957,poly_B
10958,poly_B
10959,poly_B
10960,poly_B
10961,poly_B
10962,poly_B
10963,poly_B
10964,poly_B
10965,poly_B
10966,poly_B
10967,poly_B
10968,poly_B
10969,poly_B
10970,poly_B
10971,poly_B
10972,poly_B
10973,poly_B
10974,poly_B
10975,poly_B
10976,poly_B
10977,poly_B
10978,poly_B
10979,poly_B
10980,poly_B
10981,poly_B
10982,poly_B
10983,poly_B
10984,poly_B
10985,poly_B
10986,poly_B
10987,poly_B
10988,poly_B
10989,poly_B
10990,poly_B
10991,poly_B
10992,poly_B
10993,poly_B
10994,poly_B
10995,poly_B
10996,poly_B
10997,poly_B
10998,poly_B
10999,poly_B
11000,poly_B
11001,poly_B
11002,poly_B
11003,poly_B
11004,poly_B
11005,poly_B
11006,poly_B
11007,poly_B
11008,poly_B
11009,poly_B
11010,poly_B
11011,poly_B
11012,poly_B
11013,poly_B
11014,poly_B
11015,poly_B
11016,poly_B
11017,poly_B
11018,poly_B
11019,poly_B
11020,poly_B
11021,poly_B
11022,poly_B
11023,poly_B
11024,poly_B
11025,poly_B
11026,poly_B
11027,poly_B
11028,poly_B
11029,poly_B
11030,poly_B
11031,poly_B
11032,poly_B
11033,poly_B
11034,poly_B
11035,poly_B
11036,poly_B
11037,poly_B
11038,poly_B
11039,poly_B
11040,poly_B
11041,poly_B
11042,poly_B
11043,poly_B
11044,poly_B
11045,poly_B
11046,poly_B
11047,poly_B
11048,poly_B
11049,poly_B
11050,poly_B
11051,poly_B
11052,poly_B
11053,poly_B
11054,poly_B
11055,poly_B
11056,poly_B
11057,poly_B
11058,poly_B
11059,poly_B
11060,poly_B
11061,poly_B
11062,poly_B
11063,poly_B
11064,poly_B
11065,poly_B
11066,poly_B
11067,poly_B
11068,poly_B
11069,poly_B
11070,poly_B
11071,poly_B
11072,poly_B
11073,poly_B
11074,poly_B
11075,poly_B
11076,poly_B
11077,poly_B
11078,poly_B
11079,poly_B
11080,poly_B
11081,poly_B
11082,poly_B
11083,poly_B
11084,poly_B
11085,poly_B
11086,poly_B
11087,poly_B
11088,poly_B
11089,poly_B
11090,poly_B
11091,poly_B
11092,poly_B
11093,poly_B
11094,poly_B
11095,poly_B
11096,poly_B
11097,poly_B
11098,poly_B
11099,poly_B
11100,poly_B
11101,poly_B
11102,poly_B
11103,poly_B
11104,poly_B
11105,poly_B
11106,poly_B
11107,poly_B
11108,poly_B
11109,poly_B
11110,poly_B
11111,poly_B
11112,poly_B
11113,poly_B
11114,poly_B
11115,poly_B
11116,poly_B
11117,poly_B
11118,poly_B
11119,poly_B
11120,poly_B
11121,poly_B
11122,poly_B
11123,poly_B
11124,poly_B
11125,poly_B
11126,poly_B
11127,poly_B
11128,poly_B
11129,poly_B
11130,poly_B
11131,poly_B
11132,poly_B
11133,poly_B
11134,poly_B
11135,poly_B
11136,poly_B
11137,poly_B
11138,poly_B
11139,poly_B
11140,poly_B
11141,poly_B
11142,poly_B
11143,poly_B
11144,poly_B
11145,poly_B
11146,poly_B
11147,poly_B
11148,poly_B
11149,poly_B
11150,poly_B
11151,poly_B
11152,poly_B
11153,poly_B
11154,poly_B
11155,poly_B
11156,poly_B
11157,poly_B
11158,poly_B
11159,poly_B
11160,poly_B
11161,poly_B
11162,poly_B
11163,poly_B
11164,poly_B
11165,poly_B
11166,poly_B
11167,poly_B
11168,poly_B
11169,poly_B
11170,poly_B
11171,poly_B
11172,poly_B
11173,poly_B
11174,poly_B
11175,poly_B
11176,poly_B
11177,poly_B
11178,poly_B
11179,poly_B
11180,poly_B
11181,poly_B
11182,poly_B
11183,poly_B
11184,poly_B
11185,poly_B
11186,poly_B
11187,poly_B
11188,poly_B
11189,poly_B
11190,poly_B
11191,poly_B
11192,poly_B
11193,poly_B
11194,poly_B
11195,poly_B
11196,poly_B
11197,poly_B
11198,poly_B
11199,poly_B
11200,poly_B
11201,poly_B
11202,poly_B
11203,poly_B
11204,poly_B
11205,poly_B
11206,poly_B
11207,poly_B
11208,poly_B
11209,poly_B
11210,poly_B
11211,poly_B
11212,poly_B
11213,poly_B
11214,poly_B
11215,poly_B
11216,poly_B
11217,poly_B
11218,poly_B
11219,poly_B
11220,poly_B
11221,poly_B
11222,poly_B
11223,poly_B
11224,poly_B
11225,poly_B
11226,poly_B
11227,poly_B
11228,poly_B
11229,poly_B
11230,poly_B
11231,poly_B
11232,poly_B
11233,poly_B
11234,poly_B
11235,poly_B
11236,poly_B
11237,poly_B
11238,poly_B
11239,poly_B
11240,poly_B
11241,poly_B
11242,poly_B
11243,poly_B
11244,poly_B
11245,poly_B
11246,poly_B
11247,poly_B
11248,poly_B
11249,poly_B
11250,poly_B
11251,poly_B
11252,poly_B
11253,poly_B
11254,poly_B
11255,poly_B
11256,poly_B
11257,poly_B
11258,poly_B
11259,poly_B
11260,poly_B
11261,poly_B
11262,poly_B
11263,poly_B
11264,poly_B
11265,poly_B
11266,poly_B
11267,poly_B
11268,poly_B
11269,poly_B
11270,poly_B
11271,poly_B
11272,poly_B
11273,poly_B
11274,poly_B
11275,poly_B
11276,poly_B
11277,poly_B
11278,poly_B
11279,poly_B
